{"cameraMode":{"drawMode":0,"name":"Shaded","section":"Shading Mode"},"sceneLighting":true,"audioPlay":false,"sceneViewState":{"showFog":true,"showMaterialUpdate":false,"showSkybox":true,"showFlares":true,"showImageEffects":true,"showParticleSystems":true},"in2DMode":false,"pivot":{"x":43.18404769897461,"y":0.5453696250915527,"z":43.02995681762695},"rotation":{"x":0.04720678925514221,"y":-0.9527878165245056,"z":0.2153848558664322,"w":0.2090454399585724},"size":0.9563149809837341,"orthographic":false}