{"cameraMode":{"drawMode":0,"name":"Shaded","section":"Shading Mode"},"sceneLighting":true,"audioPlay":false,"sceneViewState":{"showFog":true,"showMaterialUpdate":false,"showSkybox":true,"showFlares":true,"showImageEffects":true,"showParticleSystems":true},"in2DMode":false,"pivot":{"x":44.70735168457031,"y":0.7599052786827087,"z":42.829524993896487},"rotation":{"x":0.0028632173780351879,"y":-0.9971304535865784,"z":0.05121143162250519,"w":0.056871939450502399},"size":1.5016608238220215,"orthographic":false}